{"C": 543.2913788769969, "gamma": 1.5225321936452478}