{"C": 368.3278409285816, "gamma": 0.00018244728123196214}