{"nu": 0.09978726401588316, "gamma": 0.0007053308259579202}