{"C": 996.1014368788678, "gamma": 8.784643477815557}