{"nu": 0.09952625808482479, "gamma": 0.005988270984907047}