{"nu": 0.09172949648065203, "gamma": 0.023245929194455985}