{"C": 162.4283011364967, "gamma": 0.028956003645221086}