{"nu": 0.09633530378828266, "gamma": 0.017586744600073333}