{"nu": 0.08631833136802938, "gamma": 0.0040339598063579615}