{"C": 890.8020248727614, "gamma": 0.02441489288407718}